INSERT INTO category (id, category)
VALUES ('9cf1b335-47db-4ac7-811d-74cb58aa6914', 'Home');
INSERT INTO category (id, category)
VALUES ('e52fd654-0d05-4a1b-9453-794758e7ffb9', 'Utilities');
INSERT INTO category (id, category)
VALUES ('518dba94-73b2-4011-be01-94351044360a', 'Daily_Livings');
INSERT INTO category (id, category)
VALUES ('72c8e3a1-04a5-4a47-8848-47875629055b', 'Cars');
INSERT INTO category (id, category)
VALUES ('7597ee27-0caf-4058-825e-f214d843d86b', 'Vacation');
INSERT INTO category (id, category)
VALUES ('84806cda-dd0d-4739-b6a3-b942172fcd48', 'Bank');
INSERT INTO category (id, category)
VALUES ('c8ac19eb-c80a-4261-b06c-ada960ae02af', 'Job´s');
INSERT INTO category (id, category)
VALUES ('ee7b4f62-4cb3-4ae5-bd16-1c7a614ae18f', 'Pets');
INSERT INTO category (id, category)
VALUES ('1630f0ff-f519-405d-ae03-7c5ee7ce5eef', 'Business');
INSERT INTO category (id, category)
VALUES ('d8146d12-9696-4e54-a3d4-610f3d431937', 'House_Constructions');

INSERT INTO subcategory (id, category_id, subcategory)
VALUES ('fa3e618c-a6ab-4bb6-8e6f-c7dbb1a00a02', '9cf1b335-47db-4ac7-811d-74cb58aa6914', 'Groceries');
INSERT INTO subcategory (id, category_id, subcategory)
VALUES ('dbc21aa9-635f-49d4-8a7e-56a426e17e43', '9cf1b335-47db-4ac7-811d-74cb58aa6914', 'Butcher');
INSERT INTO subcategory (id, category_id, subcategory)
VALUES ('0b11eed6-95a1-471b-bd20-8b735e041b32', '9cf1b335-47db-4ac7-811d-74cb58aa6914', 'Loan');
INSERT INTO subcategory (id, category_id, subcategory)
VALUES ('b48bc212-bebe-4e13-9899-1c0ff569dcec', '9cf1b335-47db-4ac7-811d-74cb58aa6914', 'Furnishing/Appliances');
INSERT INTO subcategory (id, category_id, subcategory)
VALUES ('1e1ca45a-8ad0-437e-98fd-b1a9112175ab', '9cf1b335-47db-4ac7-811d-74cb58aa6914', 'Garden');
INSERT INTO subcategory (id, category_id, subcategory)
VALUES ('7a461b83-bda1-4b70-a2ed-25f1fb24a59a', '9cf1b335-47db-4ac7-811d-74cb58aa6914', 'Pool');
INSERT INTO subcategory (id, category_id, subcategory)
VALUES ('cb4196b1-8738-4e14-9a16-cbf94823fa1d', '9cf1b335-47db-4ac7-811d-74cb58aa6914', 'Insurances');
INSERT INTO subcategory (id, category_id, subcategory)
VALUES ('297538ed-80f5-47b7-84d8-2d9c13621774', '9cf1b335-47db-4ac7-811d-74cb58aa6914', 'IMI');
INSERT INTO subcategory (id, category_id, subcategory)
VALUES ('3935d92b-5fbe-4905-b7a9-37b845c811e5', '9cf1b335-47db-4ac7-811d-74cb58aa6914', 'Maintenance/Improvements');
INSERT INTO subcategory (id, category_id, subcategory)
VALUES ('130fc8f2-41e6-4321-837f-b638dbc4115f', '9cf1b335-47db-4ac7-811d-74cb58aa6914', 'Smart Home');
INSERT INTO subcategory (id, category_id, subcategory)
VALUES ('47b827b1-e245-4116-a679-b1cf44ffb866', 'e52fd654-0d05-4a1b-9453-794758e7ffb9', 'Electricity');
INSERT INTO subcategory (id, category_id, subcategory)
VALUES ('cddf347b-5820-472f-987c-afd36a54a1f4', 'e52fd654-0d05-4a1b-9453-794758e7ffb9', 'Gas');
INSERT INTO subcategory (id, category_id, subcategory)
VALUES ('59fef8b2-45e0-44f9-8d64-1e9c849d0edf', 'e52fd654-0d05-4a1b-9453-794758e7ffb9', 'Phone');
INSERT INTO subcategory (id, category_id, subcategory)
VALUES ('683fddd4-f5d2-4c55-a1ec-dad0e42eb7ea', 'e52fd654-0d05-4a1b-9453-794758e7ffb9', 'Internet');
INSERT INTO subcategory (id, category_id, subcategory)
VALUES ('6cd0600e-c593-486c-acf0-bec125235858', 'e52fd654-0d05-4a1b-9453-794758e7ffb9', 'Water');
INSERT INTO subcategory (id, category_id, subcategory)
VALUES ('7d9b5d3d-257d-4af5-ae43-a6f959cef866', 'e52fd654-0d05-4a1b-9453-794758e7ffb9', 'Cleaning');
INSERT INTO subcategory (id, category_id, subcategory)
VALUES ('10b7d4a8-45fb-4c43-944e-015cfaf40f55', '518dba94-73b2-4011-be01-94351044360a', 'Clothing');
INSERT INTO subcategory (id, category_id, subcategory)
VALUES ('d301f793-55eb-47e4-ad9c-fbc52853aac1', '518dba94-73b2-4011-be01-94351044360a', 'Health');
INSERT INTO subcategory (id, category_id, subcategory)
VALUES ('e582f6c4-fcd3-48d0-a607-1996444cfa43', '518dba94-73b2-4011-be01-94351044360a', 'Books');
INSERT INTO subcategory (id, category_id, subcategory)
VALUES ('8e300768-c613-4859-b203-a8b509c3ceef', '518dba94-73b2-4011-be01-94351044360a', 'Gym/Sports');
INSERT INTO subcategory (id, category_id, subcategory)
VALUES ('80e3e57a-dc59-43f2-9489-03c4cf455652', '518dba94-73b2-4011-be01-94351044360a', 'Salon/Barber');
INSERT INTO subcategory (id, category_id, subcategory)
VALUES ('a3f0c4d2-0c3b-47d1-90fb-63f21331e7ce', '518dba94-73b2-4011-be01-94351044360a', 'Streaming');
INSERT INTO subcategory (id, category_id, subcategory)
VALUES ('de416252-c970-49b4-b91b-a25711971d53', '518dba94-73b2-4011-be01-94351044360a', 'Electronic Devices');
INSERT INTO subcategory (id, category_id, subcategory)
VALUES ('40e313da-7230-4fa5-bbe2-9a684369fe09', '518dba94-73b2-4011-be01-94351044360a', 'Gift');
INSERT INTO subcategory (id, category_id, subcategory)
VALUES ('1d90b037-25a5-4b9d-ac73-2833003cf095', '518dba94-73b2-4011-be01-94351044360a', 'Dining Out');
INSERT INTO subcategory (id, category_id, subcategory)
VALUES ('c1d40143-caee-42f5-92af-bd85c35014fb', '518dba94-73b2-4011-be01-94351044360a', 'Cooffe/Bar');
INSERT INTO subcategory (id, category_id, subcategory)
VALUES ('85cfcd13-7632-4456-af2c-d19df250bef1', '518dba94-73b2-4011-be01-94351044360a', 'Movies/Theater');
INSERT INTO subcategory (id, category_id, subcategory)
VALUES ('ceeea42c-e5c0-470d-8fa7-a5b72e886ebe', '518dba94-73b2-4011-be01-94351044360a', 'Public Transport');
INSERT INTO subcategory (id, category_id, subcategory)
VALUES ('3d2c959d-359c-4a93-94b6-af0c406fadaf', '518dba94-73b2-4011-be01-94351044360a', 'Lottery');
INSERT INTO subcategory (id, category_id, subcategory)
VALUES ('d5a98ad5-1aa6-43b0-968d-bfc4ee6110b8', '72c8e3a1-04a5-4a47-8848-47875629055b', 'Fuel');
INSERT INTO subcategory (id, category_id, subcategory)
VALUES ('449c665b-9c0d-462d-902c-878b501973e3', '72c8e3a1-04a5-4a47-8848-47875629055b', 'Insurance');
INSERT INTO subcategory (id, category_id, subcategory)
VALUES ('1813fe3b-cf48-4567-8b76-700284802a32', '72c8e3a1-04a5-4a47-8848-47875629055b', 'IUC');
INSERT INTO subcategory (id, category_id, subcategory)
VALUES ('477f41fd-4a58-4546-bbaa-595cd760109c', '72c8e3a1-04a5-4a47-8848-47875629055b', 'Revision');
INSERT INTO subcategory (id, category_id, subcategory)
VALUES ('1329d0f2-8d4f-45d7-ad21-2149cf75002d', '72c8e3a1-04a5-4a47-8848-47875629055b', 'Inspection');
INSERT INTO subcategory (id, category_id, subcategory)
VALUES ('34fece4d-695b-4f3f-8839-6d361dec53b1', '72c8e3a1-04a5-4a47-8848-47875629055b', 'Tolls');
INSERT INTO subcategory (id, category_id, subcategory)
VALUES ('69721eca-806d-4621-b857-4a052cded12a', '72c8e3a1-04a5-4a47-8848-47875629055b', 'Parking');
INSERT INTO subcategory (id, category_id, subcategory)
VALUES ('ee025a3f-0438-4524-818d-399b17429e27', '72c8e3a1-04a5-4a47-8848-47875629055b', 'Washing');
INSERT INTO subcategory (id, category_id, subcategory)
VALUES ('a36a219a-5f34-4968-a317-8abcb3c9e180', '72c8e3a1-04a5-4a47-8848-47875629055b', 'Fine');
INSERT INTO subcategory (id, category_id, subcategory)
VALUES ('b7f7e555-8c3f-4fe9-91b6-3ba12ec4ea5e', '72c8e3a1-04a5-4a47-8848-47875629055b', 'Equipament');
INSERT INTO subcategory (id, category_id, subcategory)
VALUES ('9355788a-5f18-49bd-a376-d8a5e07860d1', '7597ee27-0caf-4058-825e-f214d843d86b', 'Transport');
INSERT INTO subcategory (id, category_id, subcategory)
VALUES ('c8123d8f-91ed-486e-aa16-33d1b27920b9', '7597ee27-0caf-4058-825e-f214d843d86b', 'Accommodations');
INSERT INTO subcategory (id, category_id, subcategory)
VALUES ('639c27f0-343c-442f-8a37-5ee1ff1330f8', '7597ee27-0caf-4058-825e-f214d843d86b', 'Food');
INSERT INTO subcategory (id, category_id, subcategory)
VALUES ('329d8759-e8c1-48e5-85cb-583a21aaf07d', '7597ee27-0caf-4058-825e-f214d843d86b', 'Souvenirs');
INSERT INTO subcategory (id, category_id, subcategory)
VALUES ('ee177b0e-4be3-419e-b5df-b2ee1d23dc6a', '7597ee27-0caf-4058-825e-f214d843d86b', 'Tickets');
INSERT INTO subcategory (id, category_id, subcategory)
VALUES ('67185e16-ee58-462b-802b-4daac26111f6', '84806cda-dd0d-4739-b6a3-b942172fcd48', 'Fees');
INSERT INTO subcategory (id, category_id, subcategory)
VALUES ('92d1cc4c-fbee-4e26-b305-2fc4d8be2093', 'c8ac19eb-c80a-4261-b06c-ada960ae02af', 'Lunch');
INSERT INTO subcategory (id, category_id, subcategory)
VALUES ('baaaddf1-2b48-410d-8559-c3a181928f45', 'c8ac19eb-c80a-4261-b06c-ada960ae02af', 'Cooffe');
INSERT INTO subcategory (id, category_id, subcategory)
VALUES ('fe9b1541-7bf8-402f-a61b-1787bcc53d65', 'c8ac19eb-c80a-4261-b06c-ada960ae02af', 'Snack');
INSERT INTO subcategory (id, category_id, subcategory)
VALUES ('55f9f6dc-0861-4caf-bc91-12ca6eb749ca', 'c8ac19eb-c80a-4261-b06c-ada960ae02af', 'Supplies');
INSERT INTO subcategory (id, category_id, subcategory)
VALUES ('9dc2e8cf-d687-4a91-bf5f-7e9eb8a9fb82', 'c8ac19eb-c80a-4261-b06c-ada960ae02af', 'Social Contribution - TI');
INSERT INTO subcategory (id, category_id, subcategory)
VALUES ('78af0835-4b3b-42ce-bcf5-5bfa6b28cf98', 'c8ac19eb-c80a-4261-b06c-ada960ae02af', 'IRS Annually');
INSERT INTO subcategory (id, category_id, subcategory)
VALUES ('1e22eaa9-ff79-4f7b-be37-f503d5992a3b', 'ee7b4f62-4cb3-4ae5-bd16-1c7a614ae18f', 'Foods');
INSERT INTO subcategory (id, category_id, subcategory)
VALUES ('ea698e81-0d2d-4dc2-bd1f-44780b437a79', 'ee7b4f62-4cb3-4ae5-bd16-1c7a614ae18f', 'Vet');
INSERT INTO subcategory (id, category_id, subcategory)
VALUES ('36d974e9-ef6b-4782-bae0-04b7a77cb8a4', 'ee7b4f62-4cb3-4ae5-bd16-1c7a614ae18f', 'Pet Salon');
INSERT INTO subcategory (id, category_id, subcategory)
VALUES ('5408fb4d-740f-45dc-95b9-a3e0ff1719bb', 'ee7b4f62-4cb3-4ae5-bd16-1c7a614ae18f', 'Suppliers');
INSERT INTO subcategory (id, category_id, subcategory)
VALUES ('340a8131-34b1-4445-8f3e-cb27fcf25153', '1630f0ff-f519-405d-ae03-7c5ee7ce5eef', 'Accountant''s Fee');
INSERT INTO subcategory (id, category_id, subcategory)
VALUES ('f2aad1d3-aeb2-4609-9781-c1ea8c9dde79', '1630f0ff-f519-405d-ae03-7c5ee7ce5eef', 'Social Contribution');
INSERT INTO subcategory (id, category_id, subcategory)
VALUES ('a7f4fbb9-61a2-42a8-a8ed-03f56d273481', '1630f0ff-f519-405d-ae03-7c5ee7ce5eef', 'IRC');
INSERT INTO subcategory (id, category_id, subcategory)
VALUES ('ae5a775b-a1c1-4457-8046-e6214f9404ae', '1630f0ff-f519-405d-ae03-7c5ee7ce5eef', 'IRS');
INSERT INTO subcategory (id, category_id, subcategory)
VALUES ('015c02f9-f40c-4afa-a611-ee996f593951', '1630f0ff-f519-405d-ae03-7c5ee7ce5eef', 'IVA');
INSERT INTO subcategory (id, category_id, subcategory)
VALUES ('3f322526-c1e7-4eff-b6ce-b7037c6b1689', '1630f0ff-f519-405d-ae03-7c5ee7ce5eef', 'Trib. Autónoma');
INSERT INTO subcategory (id, category_id, subcategory)
VALUES ('a3c91e09-382a-42c7-8703-26fd777354cd', '1630f0ff-f519-405d-ae03-7c5ee7ce5eef', 'Annuity software');
INSERT INTO subcategory (id, category_id, subcategory)
VALUES ('01a645ed-11f9-41ee-801b-a57eafb5b73c', '1630f0ff-f519-405d-ae03-7c5ee7ce5eef', 'Derrama Munic.');
INSERT INTO subcategory (id, category_id, subcategory)
VALUES ('d9a15d3b-b719-430e-a90e-b361978fb889', '1630f0ff-f519-405d-ae03-7c5ee7ce5eef', 'Accountant''s Services');
INSERT INTO subcategory (id, category_id, subcategory)
VALUES ('41f88dfa-dfee-4765-9d3c-315db8bdf2ab', 'd8146d12-9696-4e54-a3d4-610f3d431937', 'Contractor');
INSERT INTO subcategory (id, category_id, subcategory)
VALUES ('3216ff39-017d-4f73-94c2-9c052cec1df6', 'd8146d12-9696-4e54-a3d4-610f3d431937', 'Appliances');
INSERT INTO subcategory (id, category_id, subcategory)
VALUES ('ed42de63-2b1c-493e-b8eb-6834b649a541', 'd8146d12-9696-4e54-a3d4-610f3d431937', 'Furnishing');
INSERT INTO subcategory (id, category_id, subcategory)
VALUES ('c2795795-d784-4cbe-802c-4864a422129f', 'd8146d12-9696-4e54-a3d4-610f3d431937', 'Tax');
INSERT INTO subcategory (id, category_id, subcategory)
VALUES ('6f8158f7-c8c9-4b3a-89b9-7cadc2ce75ee', 'd8146d12-9696-4e54-a3d4-610f3d431937', 'Decor');
INSERT INTO subcategory (id, category_id, subcategory)
VALUES ('dfbe35ef-2263-4308-b54c-94420cc1c79b', 'd8146d12-9696-4e54-a3d4-610f3d431937', 'Architect');

INSERT INTO type (id, type)
VALUES ('90ca25e1-00e1-45c4-a090-d71a54f6f2dc', 'Expense');
INSERT INTO type (id, type)
VALUES ('50a81fbb-84a4-4682-9d19-8a52f50b8207', 'Income');
INSERT INTO type (id, type)
VALUES ('0e1624ec-5e9c-49b3-93f1-5a947c290bfc', 'Savings/Investment');
INSERT INTO type (id, type)
VALUES ('cdc6b305-d3c2-4e69-a331-6204a44c18c7', 'TransferInHouse');
